{
	"class_name" : "PinholeCameraParameters",
	"extrinsic" : 
	[
		-0.15813010730537524,
		-0.056144788105266116,
		0.98582079098191344,
		0.0,
		-0.98741815743729311,
		0.0084842131592917126,
		-0.15790313641662956,
		0.0,
		0.00050152440771648182,
		-0.99838658890015264,
		-0.0567799927578896,
		0.0,
		6.4150345714243535,
		14.902054841330074,
		57.349732439962715,
		1.0
	],
	"intrinsic" : 
	{
		"height" : 600,
		"intrinsic_matrix" : 
		[
			519.6152422706632,
			0.0,
			0.0,
			0.0,
			519.6152422706632,
			0.0,
			399.5,
			299.5,
			1.0
		],
		"width" : 800
	},
	"version_major" : 1,
	"version_minor" : 0
}